{
  "view data in market place" : {
    "transaction" : "view data in market place",
    "sampleCount" : 10,
    "errorCount" : 0,
    "errorPct" : 0.0,
    "meanResTime" : 180.1,
    "medianResTime" : 156.0,
    "minResTime" : 78.0,
    "maxResTime" : 460.0,
    "pct1ResTime" : 431.1000000000001,
    "pct2ResTime" : 460.0,
    "pct3ResTime" : 460.0,
    "throughput" : 1.1075423634954036,
    "receivedKBytesPerSec" : 14.987946824122274,
    "sentKBytesPerSec" : 0.22172478956695094
  },
  "add to cart" : {
    "transaction" : "add to cart",
    "sampleCount" : 10,
    "errorCount" : 0,
    "errorPct" : 0.0,
    "meanResTime" : 87.4,
    "medianResTime" : 83.5,
    "minResTime" : 80.0,
    "maxResTime" : 107.0,
    "pct1ResTime" : 105.9,
    "pct2ResTime" : 107.0,
    "pct3ResTime" : 107.0,
    "throughput" : 1.1556685542586387,
    "receivedKBytesPerSec" : 0.4074183086790708,
    "sentKBytesPerSec" : 0.274245565121923
  },
  "payment success" : {
    "transaction" : "payment success",
    "sampleCount" : 10,
    "errorCount" : 0,
    "errorPct" : 0.0,
    "meanResTime" : 257.3,
    "medianResTime" : 93.0,
    "minResTime" : 84.0,
    "maxResTime" : 663.0,
    "pct1ResTime" : 662.2,
    "pct2ResTime" : 663.0,
    "pct3ResTime" : 663.0,
    "throughput" : 1.4044943820224718,
    "receivedKBytesPerSec" : 0.22219540028089887,
    "sentKBytesPerSec" : 1.3592323560393258
  },
  "Total" : {
    "transaction" : "Total",
    "sampleCount" : 70,
    "errorCount" : 0,
    "errorPct" : 0.0,
    "meanResTime" : 206.82857142857148,
    "medianResTime" : 99.5,
    "minResTime" : 75.0,
    "maxResTime" : 1017.0,
    "pct1ResTime" : 401.3999999999999,
    "pct2ResTime" : 658.6,
    "pct3ResTime" : 1017.0,
    "throughput" : 6.972806056380118,
    "receivedKBytesPerSec" : 18.28493873891822,
    "sentKBytesPerSec" : 2.464898614154796
  },
  "get cart" : {
    "transaction" : "get cart",
    "sampleCount" : 10,
    "errorCount" : 0,
    "errorPct" : 0.0,
    "meanResTime" : 107.0,
    "medianResTime" : 79.5,
    "minResTime" : 75.0,
    "maxResTime" : 360.0,
    "pct1ResTime" : 332.7000000000001,
    "pct2ResTime" : 360.0,
    "pct3ResTime" : 360.0,
    "throughput" : 1.1595547309833025,
    "receivedKBytesPerSec" : 0.7983262552179963,
    "sentKBytesPerSec" : 0.21741651205936918
  },
  "login" : {
    "transaction" : "login",
    "sampleCount" : 10,
    "errorCount" : 0,
    "errorPct" : 0.0,
    "meanResTime" : 327.90000000000003,
    "medianResTime" : 319.5,
    "minResTime" : 310.0,
    "maxResTime" : 406.0,
    "pct1ResTime" : 399.5,
    "pct2ResTime" : 406.0,
    "pct3ResTime" : 406.0,
    "throughput" : 1.079097874177188,
    "receivedKBytesPerSec" : 1.2270523092694507,
    "sentKBytesPerSec" : 0.43722432421495633
  },
  "market place - searching course" : {
    "transaction" : "market place - searching course",
    "sampleCount" : 10,
    "errorCount" : 0,
    "errorPct" : 0.0,
    "meanResTime" : 81.5,
    "medianResTime" : 80.5,
    "minResTime" : 77.0,
    "maxResTime" : 90.0,
    "pct1ResTime" : 89.3,
    "pct2ResTime" : 90.0,
    "pct3ResTime" : 90.0,
    "throughput" : 1.1559357299734134,
    "receivedKBytesPerSec" : 2.2746196248988557,
    "sentKBytesPerSec" : 0.2743089671714253
  },
  "cekout cart" : {
    "transaction" : "cekout cart",
    "sampleCount" : 10,
    "errorCount" : 0,
    "errorPct" : 0.0,
    "meanResTime" : 406.59999999999997,
    "medianResTime" : 260.5,
    "minResTime" : 237.0,
    "maxResTime" : 1017.0,
    "pct1ResTime" : 1017.0,
    "pct2ResTime" : 1017.0,
    "pct3ResTime" : 1017.0,
    "throughput" : 1.2399256044637321,
    "receivedKBytesPerSec" : 0.6441800991940484,
    "sentKBytesPerSec" : 0.2966618877867328
  }
}