{
  "Submit score (retake quiz)" : {
    "transaction" : "Submit score (retake quiz)",
    "sampleCount" : 10000,
    "errorCount" : 0,
    "errorPct" : 0.0,
    "meanResTime" : 2590.035899999995,
    "medianResTime" : 2482.0,
    "minResTime" : 117.0,
    "maxResTime" : 6695.0,
    "pct1ResTime" : 3833.0,
    "pct2ResTime" : 4320.949999999999,
    "pct3ResTime" : 5237.959999999999,
    "throughput" : 130.73091655445594,
    "receivedKBytesPerSec" : 37.27873792373158,
    "sentKBytesPerSec" : 33.576397513497966
  },
  "view data in market place" : {
    "transaction" : "view data in market place",
    "sampleCount" : 2000,
    "errorCount" : 0,
    "errorPct" : 0.0,
    "meanResTime" : 1969.4950000000003,
    "medianResTime" : 2067.0,
    "minResTime" : 22.0,
    "maxResTime" : 4251.0,
    "pct1ResTime" : 2815.0,
    "pct2ResTime" : 2992.8999999999996,
    "pct3ResTime" : 3255.9700000000003,
    "throughput" : 101.30685847431872,
    "receivedKBytesPerSec" : 40.81736431212643,
    "sentKBytesPerSec" : 19.584030477535205
  },
  "add to cart" : {
    "transaction" : "add to cart",
    "sampleCount" : 2000,
    "errorCount" : 0,
    "errorPct" : 0.0,
    "meanResTime" : 2043.6964999999987,
    "medianResTime" : 2039.5,
    "minResTime" : 60.0,
    "maxResTime" : 3970.0,
    "pct1ResTime" : 2833.0,
    "pct2ResTime" : 3067.8999999999996,
    "pct3ResTime" : 3469.0,
    "throughput" : 84.5058520302531,
    "receivedKBytesPerSec" : 30.369290573372204,
    "sentKBytesPerSec" : 19.47212066115266
  },
  "Submit subjourney quiz" : {
    "transaction" : "Submit subjourney quiz",
    "sampleCount" : 2000,
    "errorCount" : 2000,
    "errorPct" : 100.0,
    "meanResTime" : 2285.7644999999998,
    "medianResTime" : 2191.5,
    "minResTime" : 43.0,
    "maxResTime" : 5464.0,
    "pct1ResTime" : 3575.3000000000006,
    "pct2ResTime" : 4012.749999999999,
    "pct3ResTime" : 4833.83,
    "throughput" : 28.415952715854683,
    "receivedKBytesPerSec" : 8.324986147223052,
    "sentKBytesPerSec" : 6.687738871602518
  },
  "Play subjourney video" : {
    "transaction" : "Play subjourney video",
    "sampleCount" : 2000,
    "errorCount" : 0,
    "errorPct" : 0.0,
    "meanResTime" : 2405.6630000000005,
    "medianResTime" : 2285.5,
    "minResTime" : 82.0,
    "maxResTime" : 6711.0,
    "pct1ResTime" : 3984.0,
    "pct2ResTime" : 4495.949999999996,
    "pct3ResTime" : 5476.9400000000005,
    "throughput" : 30.41038818860523,
    "receivedKBytesPerSec" : 19.065887907309136,
    "sentKBytesPerSec" : 5.998924232517829
  },
  "view data my collection" : {
    "transaction" : "view data my collection",
    "sampleCount" : 2000,
    "errorCount" : 0,
    "errorPct" : 0.0,
    "meanResTime" : 1915.3424999999988,
    "medianResTime" : 1757.0,
    "minResTime" : 30.0,
    "maxResTime" : 8400.0,
    "pct1ResTime" : 3249.9,
    "pct2ResTime" : 3459.0,
    "pct3ResTime" : 3877.99,
    "throughput" : 30.368829433469486,
    "receivedKBytesPerSec" : 13.04910639719392,
    "sentKBytesPerSec" : 5.634841398788284
  },
  "Submit score quiz" : {
    "transaction" : "Submit score quiz",
    "sampleCount" : 10000,
    "errorCount" : 0,
    "errorPct" : 0.0,
    "meanResTime" : 2677.5654999999906,
    "medianResTime" : 2602.0,
    "minResTime" : 41.0,
    "maxResTime" : 6708.0,
    "pct1ResTime" : 4002.0,
    "pct2ResTime" : 4423.0,
    "pct3ResTime" : 5293.0,
    "throughput" : 125.13295376337358,
    "receivedKBytesPerSec" : 35.682443846587,
    "sentKBytesPerSec" : 32.138639491960205
  },
  "Play subjourney quiz" : {
    "transaction" : "Play subjourney quiz",
    "sampleCount" : 2000,
    "errorCount" : 0,
    "errorPct" : 0.0,
    "meanResTime" : 2600.195999999999,
    "medianResTime" : 2464.0,
    "minResTime" : 59.0,
    "maxResTime" : 6990.0,
    "pct1ResTime" : 4219.200000000002,
    "pct2ResTime" : 4782.799999999996,
    "pct3ResTime" : 5647.93,
    "throughput" : 28.825504806652926,
    "receivedKBytesPerSec" : 18.072240318233575,
    "sentKBytesPerSec" : 5.686281221624894
  },
  "login" : {
    "transaction" : "login",
    "sampleCount" : 2000,
    "errorCount" : 1990,
    "errorPct" : 99.5,
    "meanResTime" : 2308.6985000000036,
    "medianResTime" : 2376.5,
    "minResTime" : 128.0,
    "maxResTime" : 6219.0,
    "pct1ResTime" : 3687.9,
    "pct2ResTime" : 4149.0,
    "pct3ResTime" : 5912.89,
    "throughput" : 116.8019622729662,
    "receivedKBytesPerSec" : 47.133755128336155,
    "sentKBytesPerSec" : 46.81734043756935
  },
  "reedem-coupon" : {
    "transaction" : "reedem-coupon",
    "sampleCount" : 2000,
    "errorCount" : 1999,
    "errorPct" : 99.95,
    "meanResTime" : 1875.9369999999988,
    "medianResTime" : 1734.5,
    "minResTime" : 55.0,
    "maxResTime" : 5430.0,
    "pct1ResTime" : 3228.8,
    "pct2ResTime" : 3633.95,
    "pct3ResTime" : 3928.0,
    "throughput" : 31.517405487180294,
    "receivedKBytesPerSec" : 11.70002115113384,
    "sentKBytesPerSec" : 8.58583063629702
  },
  "Play subjourney interactive learning" : {
    "transaction" : "Play subjourney interactive learning",
    "sampleCount" : 2000,
    "errorCount" : 0,
    "errorPct" : 0.0,
    "meanResTime" : 2353.249000000004,
    "medianResTime" : 2255.0,
    "minResTime" : 56.0,
    "maxResTime" : 6660.0,
    "pct1ResTime" : 3771.3000000000015,
    "pct2ResTime" : 4283.349999999998,
    "pct3ResTime" : 5169.55,
    "throughput" : 29.57486136783734,
    "receivedKBytesPerSec" : 18.542051756007393,
    "sentKBytesPerSec" : 5.834103512014788
  },
  "view detail course" : {
    "transaction" : "view detail course",
    "sampleCount" : 2000,
    "errorCount" : 0,
    "errorPct" : 0.0,
    "meanResTime" : 1969.2969999999998,
    "medianResTime" : 1836.0,
    "minResTime" : 25.0,
    "maxResTime" : 5079.0,
    "pct1ResTime" : 3373.9,
    "pct2ResTime" : 3568.899999999996,
    "pct3ResTime" : 4038.95,
    "throughput" : 32.61791375823602,
    "receivedKBytesPerSec" : 8.727840204840499,
    "sentKBytesPerSec" : 6.434393143714527
  },
  "edit profile" : {
    "transaction" : "edit profile",
    "sampleCount" : 2000,
    "errorCount" : 1907,
    "errorPct" : 95.35,
    "meanResTime" : 1496.0424999999989,
    "medianResTime" : 1458.5,
    "minResTime" : 19.0,
    "maxResTime" : 5450.0,
    "pct1ResTime" : 2674.6000000000004,
    "pct2ResTime" : 2998.0,
    "pct3ResTime" : 4093.9300000000003,
    "throughput" : 32.439621754010346,
    "receivedKBytesPerSec" : 5.467264239980212,
    "sentKBytesPerSec" : 17.556678101633334
  },
  "Submit score interactive learning" : {
    "transaction" : "Submit score interactive learning",
    "sampleCount" : 2000,
    "errorCount" : 0,
    "errorPct" : 0.0,
    "meanResTime" : 2058.852499999999,
    "medianResTime" : 1965.5,
    "minResTime" : 26.0,
    "maxResTime" : 5781.0,
    "pct1ResTime" : 3447.4000000000005,
    "pct2ResTime" : 3866.3499999999976,
    "pct3ResTime" : 4819.9400000000005,
    "throughput" : 30.21284952490294,
    "receivedKBytesPerSec" : 12.713280884141275,
    "sentKBytesPerSec" : 7.966278683324018
  },
  "payment success" : {
    "transaction" : "payment success",
    "sampleCount" : 2000,
    "errorCount" : 1998,
    "errorPct" : 99.9,
    "meanResTime" : 11636.804999999995,
    "medianResTime" : 11379.5,
    "minResTime" : 222.0,
    "maxResTime" : 32876.0,
    "pct1ResTime" : 22183.800000000003,
    "pct2ResTime" : 30868.499999999993,
    "pct3ResTime" : 32341.9,
    "throughput" : 35.57326313542741,
    "receivedKBytesPerSec" : 12.985005313756181,
    "sentKBytesPerSec" : 34.07798757047953
  },
  "Total" : {
    "transaction" : "Total",
    "sampleCount" : 60000,
    "errorCount" : 13799,
    "errorPct" : 22.998333,
    "meanResTime" : 5186.412899999936,
    "medianResTime" : 2223.0,
    "minResTime" : 19.0,
    "maxResTime" : 92363.0,
    "pct1ResTime" : 3548.0,
    "pct2ResTime" : 3912.9500000000007,
    "pct3ResTime" : 4647.0,
    "throughput" : 337.05782226941034,
    "receivedKBytesPerSec" : 125.89276435164119,