{
  "Submit score (retake quiz)" : {
    "transaction" : "Submit score (retake quiz)",
    "sampleCount" : 10000,
    "errorCount" : 0,
    "errorPct" : 0.0,
    "meanResTime" : 1839.3923000000023,
    "medianResTime" : 1709.0,
    "minResTime" : 364.0,
    "maxResTime" : 5502.0,
    "pct1ResTime" : 2744.8999999999996,
    "pct2ResTime" : 3289.0,
    "pct3ResTime" : 4375.0,
    "throughput" : 154.4998068752414,
    "receivedKBytesPerSec" : 44.05658555426806,
    "sentKBytesPerSec" : 39.68110274237158
  },
  "view data in market place" : {
    "transaction" : "view data in market place",
    "sampleCount" : 2000,
    "errorCount" : 0,
    "errorPct" : 0.0,
    "meanResTime" : 2236.665499999996,
    "medianResTime" : 2290.5,
    "minResTime" : 60.0,
    "maxResTime" : 4085.0,
    "pct1ResTime" : 3098.0,
    "pct2ResTime" : 3287.0,
    "pct3ResTime" : 3396.96,
    "throughput" : 111.42061281337047,
    "receivedKBytesPerSec" : 47.39875304665738,
    "sentKBytesPerSec" : 21.502654944289695
  },
  "add to cart" : {
    "transaction" : "add to cart",
    "sampleCount" : 2000,
    "errorCount" : 0,
    "errorPct" : 0.0,
    "meanResTime" : 2236.349999999997,
    "medianResTime" : 2164.5,
    "minResTime" : 324.0,
    "maxResTime" : 4079.0,
    "pct1ResTime" : 2856.0,
    "pct2ResTime" : 3055.0,
    "pct3ResTime" : 3761.0,
    "throughput" : 117.08916339792752,
    "receivedKBytesPerSec" : 42.0789180961302,
    "sentKBytesPerSec" : 26.94171338036415
  },
  "Submit subjourney quiz" : {
    "transaction" : "Submit subjourney quiz",
    "sampleCount" : 2000,
    "errorCount" : 2000,
    "errorPct" : 100.0,
    "meanResTime" : 1880.084499999999,
    "medianResTime" : 1684.5,
    "minResTime" : 488.0,
    "maxResTime" : 5487.0,
    "pct1ResTime" : 2929.9,
    "pct2ResTime" : 3660.0,
    "pct3ResTime" : 4915.88,
    "throughput" : 34.11921252857484,
    "receivedKBytesPerSec" : 9.99586304548091,
    "sentKBytesPerSec" : 8.030009979869664
  },
  "Play subjourney video" : {
    "transaction" : "Play subjourney video",
    "sampleCount" : 2000,
    "errorCount" : 0,
    "errorPct" : 0.0,
    "meanResTime" : 2104.2755000000006,
    "medianResTime" : 1930.5,
    "minResTime" : 111.0,
    "maxResTime" : 5480.0,
    "pct1ResTime" : 3335.2000000000007,
    "pct2ResTime" : 3819.5499999999984,
    "pct3ResTime" : 4892.370000000001,
    "throughput" : 37.2904741483788,
    "receivedKBytesPerSec" : 23.3793793000578,
    "sentKBytesPerSec" : 7.356128689426286
  },
  "view data my collection" : {
    "transaction" : "view data my collection",
    "sampleCount" : 2000,
    "errorCount" : 0,
    "errorPct" : 0.0,
    "meanResTime" : 1645.3215,
    "medianResTime" : 1562.5,
    "minResTime" : 129.0,
    "maxResTime" : 3600.0,
    "pct1ResTime" : 2826.9,
    "pct2ResTime" : 2917.0,
    "pct3ResTime" : 3299.91,
    "throughput" : 40.38853773299138,
    "receivedKBytesPerSec" : 17.354449807144732,
    "sentKBytesPerSec" : 7.493966962176135
  },
  "Submit score quiz" : {
    "transaction" : "Submit score quiz",
    "sampleCount" : 10000,
    "errorCount" : 0,
    "errorPct" : 0.0,
    "meanResTime" : 1851.1996000000001,
    "medianResTime" : 1799.0,
    "minResTime" : 244.0,
    "maxResTime" : 5491.0,
    "pct1ResTime" : 2634.0,
    "pct2ResTime" : 2905.949999999999,
    "pct3ResTime" : 3852.9699999999993,
    "throughput" : 159.36508948349777,
    "receivedKBytesPerSec" : 45.44395129802865,
    "sentKBytesPerSec" : 40.93068216226553
  },
  "Play subjourney quiz" : {
    "transaction" : "Play subjourney quiz",
    "sampleCount" : 2000,
    "errorCount" : 0,
    "errorPct" : 0.0,
    "meanResTime" : 2207.7660000000024,
    "medianResTime" : 2060.0,
    "minResTime" : 360.0,
    "maxResTime" : 5266.0,
    "pct1ResTime" : 3447.9,
    "pct2ResTime" : 3781.7999999999993,
    "pct3ResTime" : 4280.9400000000005,
    "throughput" : 35.46476575522219,
    "receivedKBytesPerSec" : 22.234745717629536,
    "sentKBytesPerSec" : 6.995979182182502
  },
  "login" : {
    "transaction" : "login",
    "sampleCount" : 2000,
    "errorCount" : 1978,
    "errorPct" : 98.9,
    "meanResTime" : 2615.429000000003,
    "medianResTime" : 2851.5,
    "minResTime" : 216.0,
    "maxResTime" : 4174.0,
    "pct1ResTime" : 3772.0,
    "pct2ResTime" : 3940.0,
    "pct3ResTime" : 4085.0,
    "throughput" : 136.49082099228826,
    "receivedKBytesPerSec" : 55.594150941786665,
    "sentKBytesPerSec" : 54.70915992032348
  },
  "reedem-coupon" : {
    "transaction" : "reedem-coupon",
    "sampleCount" : 2000,
    "errorCount" : 2000,
    "errorPct" : 100.0,
    "meanResTime" : 1771.4040000000002,
    "medianResTime" : 1769.5,
    "minResTime" : 238.0,
    "maxResTime" : 3997.0,
    "pct1ResTime" : 2693.4000000000005,
    "pct2ResTime" : 2893.8499999999995,
    "pct3ResTime" : 3284.0,
    "throughput" : 40.08578357685447,
    "receivedKBytesPerSec" : 14.875583749223338,
    "sentKBytesPerSec" : 10.9068562974766
  },
  "Play subjourney interactive learning" : {
    "transaction" : "Play subjourney interactive learning",
    "sampleCount" : 2000,
    "errorCount" : 0,
    "errorPct" : 0.0,
    "meanResTime" : 2116.409,
    "medianResTime" : 1974.0,
    "minResTime" : 446.0,
    "maxResTime" : 5849.0,
    "pct1ResTime" : 3450.9,
    "pct2ResTime" : 3873.0,
    "pct3ResTime" : 4960.82,
    "throughput" : 34.265350877192986,
    "receivedKBytesPerSec" : 21.48276881167763,
    "sentKBytesPerSec" : 6.759375856633771
  },
  "view detail course" : {
    "transaction" : "view detail course",
    "sampleCount" : 2000,
    "errorCount" : 0,
    "errorPct" : 0.0,
    "meanResTime" : 1758.0755000000004,
    "medianResTime" : 1614.0,
    "minResTime" : 141.0,
    "maxResTime" : 4339.0,
    "pct1ResTime" : 2821.0,
    "pct2ResTime" : 2983.699999999999,
    "pct3ResTime" : 3534.8500000000004,
    "throughput" : 38.6884611664571,
    "receivedKBytesPerSec" : 10.352185898055906,
    "sentKBytesPerSec" : 7.631903472289389
  },
  "edit profile" : {
    "transaction" : "edit profile",
    "sampleCount" : 2000,
    "errorCount" : 1236,
    "errorPct" : 61.8,
    "meanResTime" : 1439.202000000002,
    "medianResTime" : 1266.0,
    "minResTime" : 23.0,
    "maxResTime" : 4668.0,
    "pct1ResTime" : 2742.0,
    "pct2ResTime" : 3063.699999999999,
    "pct3ResTime" : 3806.9700000000003,
    "throughput" : 36.783638637534025,
    "receivedKBytesPerSec" : 6.090925131501508,
    "sentKBytesPerSec" : 19.87155253968035
  },
  "Submit score interactive learning" : {
    "transaction" : "Submit score interactive learning",
    "sampleCount" : 2000,
    "errorCount" : 0,
    "errorPct" : 0.0,
    "meanResTime" : 1945.838500000001,
    "medianResTime" : 1756.0,
    "minResTime" : 190.0,
    "maxResTime" : 5496.0,
    "pct1ResTime" : 3067.5000000000005,
    "pct2ResTime" : 3752.399999999994,
    "pct3ResTime" : 4445.0,
    "throughput" : 34.994400895856664,
    "receivedKBytesPerSec" : 14.725790846120871,
    "sentKBytesPerSec" : 9.227039298712207
  },
  "payment success" : {
    "transaction" : "payment success",
    "sampleCount" : 2000,
    "errorCount" : 1999,
    "errorPct" : 99.95,
    "meanResTime" : 16648.338000000014,
    "medianResTime" : 13410.0,
    "minResTime" : 407.0,
    "maxResTime" : 32758.0,
    "pct1ResTime" : 31921.8,
    "pct2ResTime" : 32130.85,
    "pct3ResTime" : 32355.87,
    "throughput" : 41.569670768207516,
    "receivedKBytesPerSec" : 14.667781199336963,
    "sentKBytesPerSec" : 39.808582220911624
  },
  "Total" : {
    "transaction" : "Total",
    "sampleCount" : 60000,
    "errorCount" : 12448,
    "errorPct" : 20.746666,
    "meanResTime" : 5029.811866666693,
    "medianResTime" : 1720.0,
    "minResTime" : 23.0,
    "maxResTime" : 91248.0,
    "pct1ResTime" : 2925.0,
    "pct2ResTime" : 3266.0,
    "pct3ResTime" : 3873.0,
    "throughput" : 336.802398033074,
    "receivedKBytesPerSec" : 129.42608454757615,
    "sentKBytesPerSec" : 94.04021797781034
  },
  "get cart" : {
    "transaction" : "get cart",