{
  "Total" : {
    "transaction" : "Total",
    "sampleCount" : 600,
    "errorCount" : 300,
    "errorPct" : 50.0,
    "meanResTime" : 133.95333333333343,
    "medianResTime" : 205.0,
    "minResTime" : 17.0,
    "maxResTime" : 756.0,
    "pct1ResTime" : 225.0,
    "pct2ResTime" : 284.8499999999998,
    "pct3ResTime" : 536.98,
    "throughput" : 59.329575793533074,
    "receivedKBytesPerSec" : 23.520932215959657,
    "sentKBytesPerSec" : 17.16675782408781
  },
  "reedem-coupon" : {
    "transaction" : "reedem-coupon",
    "sampleCount" : 300,
    "errorCount" : 300,
    "errorPct" : 100.0,
    "meanResTime" : 22.826666666666668,
    "medianResTime" : 20.0,
    "minResTime" : 17.0,
    "maxResTime" : 249.0,
    "pct1ResTime" : 23.0,
    "pct2ResTime" : 25.0,
    "pct3ResTime" : 241.60000000000127,
    "throughput" : 30.70938683590951,
    "receivedKBytesPerSec" : 10.196476097860579,
    "sentKBytesPerSec" : 9.395452931466885
  },
  "add to interest" : {
    "transaction" : "add to interest",
    "sampleCount" : 300,
    "errorCount" : 0,
    "errorPct" : 0.0,
    "meanResTime" : 245.08000000000007,
    "medianResTime" : 216.0,
    "minResTime" : 205.0,
    "maxResTime" : 756.0,
    "pct1ResTime" : 284.7000000000001,
    "pct2ResTime" : 512.95,
    "pct3ResTime" : 553.8700000000001,
    "throughput" : 29.72357079163777,
    "receivedKBytesPerSec" : 13.698386257802438,
    "sentKBytesPerSec" : 8.106929771871593
  }
}