{
  "Total" : {
    "transaction" : "Total",
    "sampleCount" : 500,
    "errorCount" : 0,
    "errorPct" : 0.0,
    "meanResTime" : 35369.57800000001,
    "medianResTime" : 26348.5,
    "minResTime" : 9246.0,
    "maxResTime" : 151372.0,
    "pct1ResTime" : 79577.8,
    "pct2ResTime" : 83491.55,
    "pct3ResTime" : 147805.45,
    "throughput" : 3.2421006218348993,
    "receivedKBytesPerSec" : 4.3984667295634186,
    "sentKBytesPerSec" : 1.2112538580997398
  },
  "register" : {
    "transaction" : "register",
    "sampleCount" : 500,
    "errorCount" : 0,
    "errorPct" : 0.0,
    "meanResTime" : 35369.57800000001,
    "medianResTime" : 26348.5,
    "minResTime" : 9246.0,
    "maxResTime" : 151372.0,
    "pct1ResTime" : 79577.8,
    "pct2ResTime" : 83491.55,
    "pct3ResTime" : 147805.45,
    "throughput" : 3.2421006218348993,
    "receivedKBytesPerSec" : 4.3984667295634186,
    "sentKBytesPerSec" : 1.2112538580997398
  }
}