{
  "view data in market place" : {
    "transaction" : "view data in market place",
    "sampleCount" : 10,
    "errorCount" : 0,
    "errorPct" : 0.0,
    "meanResTime" : 561.0999999999999,
    "medianResTime" : 543.5,
    "minResTime" : 520.0,
    "maxResTime" : 630.0,
    "pct1ResTime" : 629.9,
    "pct2ResTime" : 630.0,
    "pct3ResTime" : 630.0,
    "throughput" : 1.0715816545220747,
    "receivedKBytesPerSec" : 15.97221757126018,
    "sentKBytesPerSec" : 0.21452562419631374
  },
  "Total" : {
    "transaction" : "Total",
    "sampleCount" : 40,
    "errorCount" : 0,
    "errorPct" : 0.0,
    "meanResTime" : 509.8999999999999,
    "medianResTime" : 437.5,
    "minResTime" : 262.0,
    "maxResTime" : 1026.0,
    "pct1ResTime" : 914.9,
    "pct2ResTime" : 986.9999999999998,
    "pct3ResTime" : 1026.0,
    "throughput" : 3.657310048459358,
    "receivedKBytesPerSec" : 17.03836818254549,
    "sentKBytesPerSec" : 1.0240646715278414
  },
  "login" : {
    "transaction" : "login",
    "sampleCount" : 10,
    "errorCount" : 0,
    "errorPct" : 0.0,
    "meanResTime" : 915.9,
    "medianResTime" : 908.0,
    "minResTime" : 859.0,
    "maxResTime" : 1026.0,
    "pct1ResTime" : 1022.4,
    "pct2ResTime" : 1026.0,
    "pct3ResTime" : 1026.0,
    "throughput" : 1.01667344448963,
    "receivedKBytesPerSec" : 1.1561681895587637,
    "sentKBytesPerSec" : 0.4119314571472143
  },
  "reedem-coupon" : {
    "transaction" : "reedem-coupon",
    "sampleCount" : 10,
    "errorCount" : 0,
    "errorPct" : 0.0,
    "meanResTime" : 283.40000000000003,
    "medianResTime" : 277.0,
    "minResTime" : 264.0,
    "maxResTime" : 351.0,
    "pct1ResTime" : 346.0,
    "pct2ResTime" : 351.0,
    "pct3ResTime" : 351.0,
    "throughput" : 1.0999890001099988,
    "receivedKBytesPerSec" : 0.6872782834671654,
    "sentKBytesPerSec" : 0.3050750742492575
  },
  "market place - searching course" : {
    "transaction" : "market place - searching course",
    "sampleCount" : 10,
    "errorCount" : 0,
    "errorPct" : 0.0,
    "meanResTime" : 279.2,
    "medianResTime" : 266.0,
    "minResTime" : 262.0,
    "maxResTime" : 355.0,
    "pct1ResTime" : 348.5,
    "pct2ResTime" : 355.0,
    "pct3ResTime" : 355.0,
    "throughput" : 1.1019283746556472,
    "receivedKBytesPerSec" : 2.168130165289256,
    "sentKBytesPerSec" : 0.26149276859504134
  }
}