{
  "Submit score (retake quiz)" : {
    "transaction" : "Submit score (retake quiz)",
    "sampleCount" : 10000,
    "errorCount" : 711,
    "errorPct" : 7.11,
    "meanResTime" : 1752.1305000000004,
    "medianResTime" : 243.0,
    "minResTime" : 16.0,
    "maxResTime" : 223359.0,
    "pct1ResTime" : 3552.7999999999993,
    "pct2ResTime" : 5550.54999999999,
    "pct3ResTime" : 23851.959999999803,
    "throughput" : 27.09535125058594,
    "receivedKBytesPerSec" : 7.802966352484779,
    "sentKBytesPerSec" : 6.9590599403360365
  },
  "view data in market place" : {
    "transaction" : "view data in market place",
    "sampleCount" : 2000,
    "errorCount" : 563,
    "errorPct" : 28.15,
    "meanResTime" : 3710.0535000000104,
    "medianResTime" : 1124.0,
    "minResTime" : 16.0,
    "maxResTime" : 26276.0,
    "pct1ResTime" : 13591.100000000017,
    "pct2ResTime" : 22159.649999999987,
    "pct3ResTime" : 24316.95,
    "throughput" : 15.476402355508439,
    "receivedKBytesPerSec" : 110.16855857624836,
    "sentKBytesPerSec" : 2.980356092672697
  },
  "add to cart" : {
    "transaction" : "add to cart",
    "sampleCount" : 2000,
    "errorCount" : 0,
    "errorPct" : 0.0,
    "meanResTime" : 2231.281999999998,
    "medianResTime" : 1600.0,
    "minResTime" : 38.0,
    "maxResTime" : 32770.0,
    "pct1ResTime" : 4670.5,
    "pct2ResTime" : 5984.899999999989,
    "pct3ResTime" : 11331.09,
    "throughput" : 15.508684863523573,
    "receivedKBytesPerSec" : 5.573433622828784,
    "sentKBytesPerSec" : 3.5620904737903225
  },
  "Submit subjourney quiz" : {
    "transaction" : "Submit subjourney quiz",
    "sampleCount" : 2000,
    "errorCount" : 337,
    "errorPct" : 16.85,
    "meanResTime" : 1258.2675000000002,
    "medianResTime" : 215.5,
    "minResTime" : 17.0,
    "maxResTime" : 60371.0,
    "pct1ResTime" : 2506.4000000000005,
    "pct2ResTime" : 3875.8999999999996,
    "pct3ResTime" : 10214.02,
    "throughput" : 5.473288981448287,
    "receivedKBytesPerSec" : 2.241416065574107,
    "sentKBytesPerSec" : 1.288147113797888
  },
  "Play subjourney video" : {
    "transaction" : "Play subjourney video",
    "sampleCount" : 2000,
    "errorCount" : 67,
    "errorPct" : 3.35,
    "meanResTime" : 2557.0510000000013,
    "medianResTime" : 373.5,
    "minResTime" : 17.0,
    "maxResTime" : 116714.0,
    "pct1ResTime" : 4813.400000000005,
    "pct2ResTime" : 7123.449999999998,
    "pct3ResTime" : 56799.79,
    "throughput" : 6.767777258914855,
    "receivedKBytesPerSec" : 4.53511463874451,
    "sentKBytesPerSec" : 1.3350498108406257
  },
  "view data my collection" : {
    "transaction" : "view data my collection",
    "sampleCount" : 2000,
    "errorCount" : 0,
    "errorPct" : 0.0,
    "meanResTime" : 4912.2339999999995,
    "medianResTime" : 536.0,
    "minResTime" : 18.0,
    "maxResTime" : 110847.0,
    "pct1ResTime" : 6143.5,
    "pct2ResTime" : 13536.899999999847,
    "pct3ResTime" : 110608.0,
    "throughput" : 7.7883136353900975,
    "receivedKBytesPerSec" : 3.3465410152066823,
    "sentKBytesPerSec" : 1.4450972565665219
  },
  "Submit score quiz" : {
    "transaction" : "Submit score quiz",
    "sampleCount" : 10000,
    "errorCount" : 617,
    "errorPct" : 6.17,
    "meanResTime" : 2082.435699999993,
    "medianResTime" : 295.5,
    "minResTime" : 17.0,
    "maxResTime" : 229426.0,
    "pct1ResTime" : 4235.0,
    "pct2ResTime" : 6466.599999999991,
    "pct3ResTime" : 30636.829999999994,
    "throughput" : 26.807279784898384,
    "receivedKBytesPerSec" : 7.713085307633641,
    "sentKBytesPerSec" : 6.885072835379176
  },
  "Play subjourney quiz" : {
    "transaction" : "Play subjourney quiz",
    "sampleCount" : 2000,
    "errorCount" : 98,
    "errorPct" : 4.9,
    "meanResTime" : 2363.991500000003,
    "medianResTime" : 1042.5,
    "minResTime" : 17.0,
    "maxResTime" : 113074.0,
    "pct1ResTime" : 5144.200000000003,
    "pct2ResTime" : 8218.749999999993,
    "pct3ResTime" : 29129.62000000002,
    "throughput" : 6.799228967435093,
    "receivedKBytesPerSec" : 4.344617671918504,
    "sentKBytesPerSec" : 1.3412541517791883
  },
  "login" : {
    "transaction" : "login",
    "sampleCount" : 2000,
    "errorCount" : 1473,
    "errorPct" : 73.65,
    "meanResTime" : 8132.7329999999865,
    "medianResTime" : 2815.0,
    "minResTime" : 38.0,
    "maxResTime" : 113081.0,
    "pct1ResTime" : 15348.7,
    "pct2ResTime" : 54560.7,
    "pct3ResTime" : 111859.99,
    "throughput" : 15.530844256693793,
    "receivedKBytesPerSec" : 8.78979809174458,
    "sentKBytesPerSec" : 6.22517643281745
  },
  "reedem-coupon" : {
    "transaction" : "reedem-coupon",
    "sampleCount" : 2000,
    "errorCount" : 2000,
    "errorPct" : 100.0,
    "meanResTime" : 9226.534499999994,
    "medianResTime" : 399.0,
    "minResTime" : 18.0,
    "maxResTime" : 114926.0,
    "pct1ResTime" : 9168.400000000001,
    "pct2ResTime" : 111054.0,
    "pct3ResTime" : 111824.0,
    "throughput" : 7.9575069130841305,
    "receivedKBytesPerSec" : 2.952981081027314,
    "sentKBytesPerSec" : 2.138548898879981
  },
  "Play subjourney interactive learning" : {
    "transaction" : "Play subjourney interactive learning",
    "sampleCount" : 2000,
    "errorCount" : 156,
    "errorPct" : 7.8,
    "meanResTime" : 1561.2214999999999,
    "medianResTime" : 254.5,
    "minResTime" : 16.0,
    "maxResTime" : 59745.0,
    "pct1ResTime" : 3229.6000000000013,
    "pct2ResTime" : 5094.399999999998,
    "pct3ResTime" : 17154.350000000002,
    "throughput" : 5.4959247717817235,
    "receivedKBytesPerSec" : 3.621285763871714,
    "sentKBytesPerSec" : 1.0841570350585041
  },
  "view detail course" : {
    "transaction" : "view detail course",
    "sampleCount" : 2000,
    "errorCount" : 54,
    "errorPct" : 2.7,
    "meanResTime" : 6560.2705000000005,
    "medianResTime" : 1599.0,
    "minResTime" : 17.0,
    "maxResTime" : 166810.0,
    "pct1ResTime" : 11477.900000000003,
    "pct2ResTime" : 28881.099999999773,
    "pct3ResTime" : 115141.56,
    "throughput" : 6.71686403052143,
    "receivedKBytesPerSec" : 11.626196336454436,
    "sentKBytesPerSec" : 1.325006381020829
  },
  "edit profile" : {
    "transaction" : "edit profile",
    "sampleCount" : 2000,
    "errorCount" : 1241,
    "errorPct" : 62.05,
    "meanResTime" : 527.929,
    "medianResTime" : 66.0,
    "minResTime" : 17.0,
    "maxResTime" : 6622.0,
    "pct1ResTime" : 1770.1000000000017,
    "pct2ResTime" : 2230.0,
    "pct3ResTime" : 4172.250000000001,
    "throughput" : 5.543037529135591,
    "receivedKBytesPerSec" : 1.2566401692150782,
    "sentKBytesPerSec" : 2.9876512166620937
  },
  "Submit score interactive learning" : {
    "transaction" : "Submit score interactive learning",
    "sampleCount" : 2000,
    "errorCount" : 162,
    "errorPct" : 8.1,
    "meanResTime" : 896.8439999999999,
    "medianResTime" : 113.0,
    "minResTime" : 17.0,
    "maxResTime" : 58784.0,
    "pct1ResTime" : 2203.2000000000007,
    "pct2ResTime" : 3297.849999999996,
    "pct3ResTime" : 8174.400000000001,
    "throughput" : 5.504804317968507,
    "receivedKBytesPerSec" : 2.3328355427668246,
    "sentKBytesPerSec" : 1.4514620760268524
  },
  "payment success" : {
    "transaction" : "payment success",
    "sampleCount" : 2000,
    "errorCount" : 1995,
    "errorPct" : 99.75,
    "meanResTime" : 51273.04500000006,
    "medianResTime" : 33164.5,
    "minResTime" : 213.0,
    "maxResTime" : 130095.0,
    "pct1ResTime" : 105167.90000000001,
    "pct2ResTime" : 108554.65,
    "pct3ResTime" : 118537.68,
    "throughput" : 12.058580584479401,
    "receivedKBytesPerSec" : 3.721655976609368,
    "sentKBytesPerSec" : 11.546950554543974
  },
  "Total" : {
    "transaction" : "Total",
    "sampleCount" : 60000,
    "errorCount" : 13437,
    "errorPct" : 22.395,
    "meanResTime" : 8753.525399999946,
    "medianResTime" : 960.5,
    "minResTime" : 16.0,
    "maxResTime" : 229426.0,
    "pct1ResTime" : 4296.0,
    "pct2ResTime" : 11967.550000000196,
    "pct3ResTime" : 112885.97,