{
  "Submit score (retake quiz)" : {
    "transaction" : "Submit score (retake quiz)",
    "sampleCount" : 9595,
    "errorCount" : 0,
    "errorPct" : 0.0,
    "meanResTime" : 22305.31776967164,
    "medianResTime" : 646.0,
    "minResTime" : 343.0,
    "maxResTime" : 1372159.0,
    "pct1ResTime" : 6160.999999999998,
    "pct2ResTime" : 136074.19999999998,
    "pct3ResTime" : 567257.0799999998,
    "throughput" : 2.368055852059567,
    "receivedKBytesPerSec" : 0.6752659265638609,
    "sentKBytesPerSec" : 0.6082018448160802
  },
  "view data in market place" : {
    "transaction" : "view data in market place",
    "sampleCount" : 2000,
    "errorCount" : 0,
    "errorPct" : 0.0,
    "meanResTime" : 90831.47449999998,
    "medianResTime" : 134158.5,
    "minResTime" : 477.0,
    "maxResTime" : 994896.0,
    "pct1ResTime" : 135584.0,
    "pct2ResTime" : 136442.94999999998,
    "pct3ResTime" : 172489.97,
    "throughput" : 0.9414418464310645,
    "receivedKBytesPerSec" : 7.568039546794603,
    "sentKBytesPerSec" : 0.18203660702475663
  },
  "add to cart" : {
    "transaction" : "add to cart",
    "sampleCount" : 2000,
    "errorCount" : 0,
    "errorPct" : 0.0,
    "meanResTime" : 522778.4045000003,
    "medianResTime" : 136680.5,
    "minResTime" : 657.0,
    "maxResTime" : 2317968.0,
    "pct1ResTime" : 1636645.4,
    "pct2ResTime" : 1654799.85,
    "pct3ResTime" : 1757447.3500000003,
    "throughput" : 0.7369118016056571,
    "receivedKBytesPerSec" : 0.26482767870203305,
    "sentKBytesPerSec" : 0.1698351417763038
  },
  "Submit subjourney quiz" : {
    "transaction" : "Submit subjourney quiz",
    "sampleCount" : 1919,
    "errorCount" : 68,
    "errorPct" : 3.5435123,
    "meanResTime" : 15980.844710786867,
    "medianResTime" : 686.0,
    "minResTime" : 354.0,
    "maxResTime" : 1036184.0,
    "pct1ResTime" : 4985.0,
    "pct2ResTime" : 97911.0,
    "pct3ResTime" : 294502.7999999989,
    "throughput" : 0.4747350179540875,
    "receivedKBytesPerSec" : 0.2020917161336927,
    "sentKBytesPerSec" : 0.11172962824896004
  },
  "Play subjourney video" : {
    "transaction" : "Play subjourney video",
    "sampleCount" : 1920,
    "errorCount" : 0,
    "errorPct" : 0.0,
    "meanResTime" : 59767.611458333355,
    "medianResTime" : 921.0,
    "minResTime" : 309.0,
    "maxResTime" : 1040067.0,
    "pct1ResTime" : 262084.4,
    "pct2ResTime" : 346219.95,
    "pct3ResTime" : 689367.6699999999,
    "throughput" : 0.6201432207848753,
    "receivedKBytesPerSec" : 0.4421220453163198,
    "sentKBytesPerSec" : 0.12233294003764139
  },
  "view data my collection" : {
    "transaction" : "view data my collection",
    "sampleCount" : 1923,
    "errorCount" : 0,
    "errorPct" : 0.0,
    "meanResTime" : 25916.796671866912,
    "medianResTime" : 834.0,
    "minResTime" : 316.0,
    "maxResTime" : 1150772.0,
    "pct1ResTime" : 12185.2,
    "pct2ResTime" : 37211.8,
    "pct3ResTime" : 778342.6,
    "throughput" : 0.6312420499774322,
    "receivedKBytesPerSec" : 0.919402158302901,
    "sentKBytesPerSec" : 0.11712498974190637
  },
  "Submit score quiz" : {
    "transaction" : "Submit score quiz",
    "sampleCount" : 9600,
    "errorCount" : 1,
    "errorPct" : 0.010416667,
    "meanResTime" : 30309.182291666588,
    "medianResTime" : 681.0,
    "minResTime" : 342.0,
    "maxResTime" : 4196092.0,
    "pct1ResTime" : 17785.59999999947,
    "pct2ResTime" : 253947.95,
    "pct3ResTime" : 602578.4299999996,
    "throughput" : 1.8214068812372515,
    "receivedKBytesPerSec" : 0.5198315323737998,
    "sentKBytesPerSec" : 0.46775401445902987
  },
  "Play subjourney quiz" : {
    "transaction" : "Play subjourney quiz",
    "sampleCount" : 1920,
    "errorCount" : 0,
    "errorPct" : 0.0,
    "meanResTime" : 55228.11562500004,
    "medianResTime" : 1221.0,
    "minResTime" : 410.0,
    "maxResTime" : 1153314.0,
    "pct1ResTime" : 198510.70000000042,
    "pct2ResTime" : 408012.9499999966,
    "pct3ResTime" : 807710.5199999986,
    "throughput" : 0.6199926311292487,
    "receivedKBytesPerSec" : 0.9686227546861916,
    "sentKBytesPerSec" : 0.12230323387510571
  },
  "login" : {
    "transaction" : "login",
    "sampleCount" : 2000,
    "errorCount" : 1147,
    "errorPct" : 57.35,
    "meanResTime" : 43762.71249999999,
    "medianResTime" : 11975.5,
    "minResTime" : 203.0,
    "maxResTime" : 1007824.0,
    "pct1ResTime" : 134244.7,
    "pct2ResTime" : 134936.85,
    "pct3ResTime" : 135841.91,
    "throughput" : 1.7614503077253687,
    "receivedKBytesPerSec" : 1.2681100485896066,
    "sentKBytesPerSec" : 0.7060362438767583
  },
  "reedem-coupon" : {
    "transaction" : "reedem-coupon",
    "sampleCount" : 1923,
    "errorCount" : 451,
    "errorPct" : 23.452938,
    "meanResTime" : 65829.32657306286,
    "medianResTime" : 1339.0,
    "minResTime" : 639.0,
    "maxResTime" : 1147961.0,
    "pct1ResTime" : 136180.4,
    "pct2ResTime" : 274593.0,
    "pct3ResTime" : 716633.96,
    "throughput" : 0.6312167712622071,
    "receivedKBytesPerSec" : 0.35934393973635953,
    "sentKBytesPerSec" : 0.1682833774947095
  },
  "Play subjourney interactive learning" : {
    "transaction" : "Play subjourney interactive learning",
    "sampleCount" : 1919,
    "errorCount" : 0,
    "errorPct" : 0.0,
    "meanResTime" : 35042.48566961958,
    "medianResTime" : 901.0,
    "minResTime" : 307.0,
    "maxResTime" : 1594731.0,
    "pct1ResTime" : 20525.0,
    "pct2ResTime" : 253750.0,
    "pct3ResTime" : 774906.3999999998,
    "throughput" : 0.47473572261382213,
    "receivedKBytesPerSec" : 0.33070766654280825,
    "sentKBytesPerSec" : 0.09364903903124226
  },
  "view detail course" : {
    "transaction" : "view detail course",
    "sampleCount" : 1923,
    "errorCount" : 3,
    "errorPct" : 0.15600625,
    "meanResTime" : 92601.07592303681,
    "medianResTime" : 3563.0,
    "minResTime" : 687.0,
    "maxResTime" : 4798067.0,
    "pct1ResTime" : 316312.40000000014,
    "pct2ResTime" : 421591.599999999,
    "pct3ResTime" : 1032349.2,
    "throughput" : 0.36460381425265315,
    "receivedKBytesPerSec" : 0.6299488008814766,
    "sentKBytesPerSec" : 0.07181159368080728
  },
  "edit profile" : {
    "transaction" : "edit profile",
    "sampleCount" : 1919,
    "errorCount" : 667,
    "errorPct" : 34.757687,
    "meanResTime" : 9269.742574257436,
    "medianResTime" : 732.0,
    "minResTime" : 76.0,
    "maxResTime" : 1133680.0,
    "pct1ResTime" : 1284.0,
    "pct2ResTime" : 1459.0,
    "pct3ResTime" : 404735.5999999848,
    "throughput" : 0.4747966835983601,
    "receivedKBytesPerSec" : 0.13043102636432913,
    "sentKBytesPerSec" : 0.24986254725699145
  },
  "Submit score interactive learning" : {
    "transaction" : "Submit score interactive learning",
    "sampleCount" : 1919,
    "errorCount" : 0,
    "errorPct" : 0.0,
    "meanResTime" : 18235.537780093797,
    "medianResTime" : 305.0,
    "minResTime" : 185.0,
    "maxResTime" : 1034254.0,
    "pct1ResTime" : 4675.0,
    "pct2ResTime" : 100523.0,
    "pct3ResTime" : 563628.1999999998,
    "throughput" : 0.4747758916768743,
    "receivedKBytesPerSec" : 0.20599540212392317,
    "sentKBytesPerSec" : 0.12518504956323834
  },
  "payment success" : {
    "transaction" : "payment success",
    "sampleCount" : 1982,
    "errorCount" : 1335,
    "errorPct" : 67.35621,
    "meanResTime" : 392812.3037336022,
    "medianResTime" : 30118.0,
    "minResTime" : 103.0,
    "maxResTime" : 4978774.0,
    "pct1ResTime" : 1480670.2,
    "pct2ResTime" : 1621907.8499999999,
    "pct3ResTime" : 4847938.0600000005,
    "throughput" : 0.3750812092451652,
    "receivedKBytesPerSec" : 0.13000439110665798,
    "sentKBytesPerSec" : 0.34927493426616646
  },
  "Total" : {
    "transaction" : "Total",
    "sampleCount" : 60143,
    "errorCount" : 5457,
    "errorPct" : 9.073375,
    "meanResTime" : 81103.82539946493,
    "medianResTime" : 690.0,
    "minResTime" : 25.0,
    "maxResTime" : 4978774.0,
    "pct1ResTime" : 138247.3000000006,
    "pct2ResTime" : 282778.0,