{
  "Submit score (retake quiz)" : {
    "transaction" : "Submit score (retake quiz)",
    "sampleCount" : 9995,
    "errorCount" : 0,
    "errorPct" : 0.0,
    "meanResTime" : 7276.431115557798,
    "medianResTime" : 4077.0,
    "minResTime" : 24.0,
    "maxResTime" : 78669.0,
    "pct1ResTime" : 18771.6,
    "pct2ResTime" : 26299.399999999994,
    "pct3ResTime" : 42690.95999999979,
    "throughput" : 13.632544614360615,
    "receivedKBytesPerSec" : 3.8874053001887687,
    "sentKBytesPerSec" : 3.501327376539884
  },
  "view data in market place" : {
    "transaction" : "view data in market place",
    "sampleCount" : 2000,
    "errorCount" : 0,
    "errorPct" : 0.0,
    "meanResTime" : 7927.5810000000065,
    "medianResTime" : 5504.0,
    "minResTime" : 37.0,
    "maxResTime" : 24719.0,
    "pct1ResTime" : 16609.4,
    "pct2ResTime" : 17660.95,
    "pct3ResTime" : 22527.090000000004,
    "throughput" : 16.654176034640685,
    "receivedKBytesPerSec" : 193.38097338454492,
    "sentKBytesPerSec" : 3.220241069198101
  },
  "add to cart" : {
    "transaction" : "add to cart",
    "sampleCount" : 2000,
    "errorCount" : 0,
    "errorPct" : 0.0,
    "meanResTime" : 12855.031999999992,
    "medianResTime" : 12023.0,
    "minResTime" : 37.0,
    "maxResTime" : 38276.0,
    "pct1ResTime" : 27326.5,
    "pct2ResTime" : 29618.849999999995,
    "pct3ResTime" : 35042.54,
    "throughput" : 13.385805691644581,
    "receivedKBytesPerSec" : 4.810523920434771,
    "sentKBytesPerSec" : 3.0850099054962117
  },
  "Submit subjourney quiz" : {
    "transaction" : "Submit subjourney quiz",
    "sampleCount" : 1999,
    "errorCount" : 0,
    "errorPct" : 0.0,
    "meanResTime" : 1552.8534267133577,
    "medianResTime" : 438.0,
    "minResTime" : 25.0,
    "maxResTime" : 19885.0,
    "pct1ResTime" : 4917.0,
    "pct2ResTime" : 6414.0,
    "pct3ResTime" : 8880.0,
    "throughput" : 2.7276250150094423,
    "receivedKBytesPerSec" : 1.1743955842561866,
    "sentKBytesPerSec" : 0.6419508091965582
  },
  "Play subjourney video" : {
    "transaction" : "Play subjourney video",
    "sampleCount" : 1999,
    "errorCount" : 0,
    "errorPct" : 0.0,
    "meanResTime" : 8136.985492746379,
    "medianResTime" : 7560.0,
    "minResTime" : 36.0,
    "maxResTime" : 41724.0,
    "pct1ResTime" : 18808.0,
    "pct2ResTime" : 22157.0,
    "pct3ResTime" : 29197.0,
    "throughput" : 3.2302946371291585,
    "receivedKBytesPerSec" : 2.2145183938131536,
    "sentKBytesPerSec" : 0.6372260905274317
  },
  "view data my collection" : {
    "transaction" : "view data my collection",
    "sampleCount" : 1999,
    "errorCount" : 0,
    "errorPct" : 0.0,
    "meanResTime" : 2052.3261630815446,
    "medianResTime" : 92.0,
    "minResTime" : 18.0,
    "maxResTime" : 14087.0,
    "pct1ResTime" : 7741.0,
    "pct2ResTime" : 9821.0,
    "pct3ResTime" : 12973.0,
    "throughput" : 3.434613481416318,
    "receivedKBytesPerSec" : 1.4758104802960745,
    "sentKBytesPerSec" : 0.6372817983096685
  },
  "Submit score quiz" : {
    "transaction" : "Submit score quiz",
    "sampleCount" : 9995,
    "errorCount" : 0,
    "errorPct" : 0.0,
    "meanResTime" : 9976.889344672329,
    "medianResTime" : 5481.0,
    "minResTime" : 24.0,
    "maxResTime" : 100963.0,
    "pct1ResTime" : 27029.6,
    "pct2ResTime" : 35174.99999999998,
    "pct3ResTime" : 52874.35999999987,
    "throughput" : 13.765549079450425,
    "receivedKBytesPerSec" : 3.9253323546870353,
    "sentKBytesPerSec" : 3.535487703022912
  },
  "Play subjourney quiz" : {
    "transaction" : "Play subjourney quiz",
    "sampleCount" : 1999,
    "errorCount" : 0,
    "errorPct" : 0.0,
    "meanResTime" : 8147.176588294151,
    "medianResTime" : 7540.0,
    "minResTime" : 33.0,
    "maxResTime" : 36370.0,
    "pct1ResTime" : 17824.0,
    "pct2ResTime" : 20139.0,
    "pct3ResTime" : 25764.0,
    "throughput" : 3.2237203894267132,
    "receivedKBytesPerSec" : 2.1218628344468797,
    "sentKBytesPerSec" : 0.6359292174455039
  },
  "login" : {
    "transaction" : "login",
    "sampleCount" : 2000,
    "errorCount" : 1085,
    "errorPct" : 54.25,
    "meanResTime" : 81229.34449999993,
    "medianResTime" : 86174.5,
    "minResTime" : 234.0,
    "maxResTime" : 93549.0,
    "pct1ResTime" : 89051.9,
    "pct2ResTime" : 89556.8,
    "pct3ResTime" : 91838.90000000001,
    "throughput" : 20.766275568476793,
    "receivedKBytesPerSec" : 17.407300075926695,
    "sentKBytesPerSec" : 8.343956445981725
  },
  "reedem-coupon" : {
    "transaction" : "reedem-coupon",
    "sampleCount" : 1999,
    "errorCount" : 0,
    "errorPct" : 0.0,
    "meanResTime" : 12824.473736868424,
    "medianResTime" : 6019.0,
    "minResTime" : 33.0,
    "maxResTime" : 47793.0,
    "pct1ResTime" : 39570.0,
    "pct2ResTime" : 41513.0,
    "pct3ResTime" : 42752.0,
    "throughput" : 3.4540493934246923,
    "receivedKBytesPerSec" : 2.1846401418121406,
    "sentKBytesPerSec" : 0.9208549652392003
  },
  "Play subjourney interactive learning" : {
    "transaction" : "Play subjourney interactive learning",
    "sampleCount" : 1999,
    "errorCount" : 0,
    "errorPct" : 0.0,
    "meanResTime" : 2152.8844422211105,
    "medianResTime" : 821.0,
    "minResTime" : 39.0,
    "maxResTime" : 16977.0,
    "pct1ResTime" : 6030.0,
    "pct2ResTime" : 7641.0,
    "pct3ResTime" : 10397.0,
    "throughput" : 2.7270296521843522,
    "receivedKBytesPerSec" : 1.885485345455587,
    "sentKBytesPerSec" : 0.5379492087316788
  },
  "view detail course" : {
    "transaction" : "view detail course",
    "sampleCount" : 1999,
    "errorCount" : 0,
    "errorPct" : 0.0,
    "meanResTime" : 12071.943471735867,
    "medianResTime" : 10372.0,
    "minResTime" : 42.0,
    "maxResTime" : 52157.0,
    "pct1ResTime" : 26372.0,
    "pct2ResTime" : 31904.0,
    "pct3ResTime" : 40292.0,
    "throughput" : 3.2354550192444025,
    "receivedKBytesPerSec" : 4.929013505880144,
    "sentKBytesPerSec" : 0.6382440565306341
  },
  "edit profile" : {
    "transaction" : "edit profile",
    "sampleCount" : 1999,
    "errorCount" : 0,
    "errorPct" : 0.0,
    "meanResTime" : 1374.7458729364662,
    "medianResTime" : 402.0,
    "minResTime" : 26.0,
    "maxResTime" : 11377.0,
    "pct1ResTime" : 4249.0,
    "pct2ResTime" : 6353.0,
    "pct3ResTime" : 6892.0,
    "throughput" : 2.72770317567964,
    "receivedKBytesPerSec" : 0.9030189224173809,
    "sentKBytesPerSec" : 1.4846234944074579
  },
  "Submit score interactive learning" : {
    "transaction" : "Submit score interactive learning",
    "sampleCount" : 1999,
    "errorCount" : 0,
    "errorPct" : 0.0,
    "meanResTime" : 933.8529264632326,
    "medianResTime" : 197.0,
    "minResTime" : 22.0,
    "maxResTime" : 12343.0,
    "pct1ResTime" : 3316.0,
    "pct2ResTime" : 4275.0,
    "pct3ResTime" : 5017.0,
    "throughput" : 2.7273868386871434,
    "receivedKBytesPerSec" : 1.1846950675945784,
    "sentKBytesPerSec" : 0.7191352016069615
  },
  "payment success" : {
    "transaction" : "payment success",
    "sampleCount" : 2000,
    "errorCount" : 1653,
    "errorPct" : 82.65,
    "meanResTime" : 294500.06350000005,
    "medianResTime" : 356892.0,
    "minResTime" : 522.0,
    "maxResTime" : 1538199.0,
    "pct1ResTime" : 417798.5,
    "pct2ResTime" : 434514.5,
    "pct3ResTime" : 449775.4,
    "throughput" : 1.1561823091388697,
    "receivedKBytesPerSec" : 0.2526997895675936,
    "sentKBytesPerSec" : 1.1103747951028164
  },
  "Total" : {
    "transaction" : "Total",
    "sampleCount" : 59978,
    "errorCount" : 3570,
    "errorPct" : 5.9521823,
    "meanResTime" : 22609.753392910607,
    "medianResTime" : 3052.0,
    "minResTime" : 18.0,
    "maxResTime" : 1538199.0,
    "pct1ResTime" : 18973.700000000033,
    "pct2ResTime" : 27721.800000000017,
    "pct3ResTime" : 47324.41000000009,
    "throughput" : 32.94091801568014,
    "receivedKBytesPerSec" : 33.47742065106205,
    "sentKBytesPerSec" : 9.2090856100081
  },
  "get cart" : {
    "transaction" : "get cart",
    "sampleCount" : 2000,