{
  "Submit score (retake quiz)" : {
    "transaction" : "Submit score (retake quiz)",
    "sampleCount" : 10000,
    "errorCount" : 0,
    "errorPct" : 0.0,
    "meanResTime" : 7060.728999999993,
    "medianResTime" : 3906.0,
    "minResTime" : 24.0,
    "maxResTime" : 83111.0,
    "pct1ResTime" : 18632.09999999999,
    "pct2ResTime" : 25055.44999999999,
    "pct3ResTime" : 39840.63999999999,
    "throughput" : 32.48535722523073,
    "receivedKBytesPerSec" : 9.2634026462572,
    "sentKBytesPerSec" : 8.343407177964533
  },
  "view data in market place" : {
    "transaction" : "view data in market place",
    "sampleCount" : 2000,
    "errorCount" : 0,
    "errorPct" : 0.0,
    "meanResTime" : 9887.2115,
    "medianResTime" : 10803.5,
    "minResTime" : 37.0,
    "maxResTime" : 31349.0,
    "pct1ResTime" : 20574.9,
    "pct2ResTime" : 21585.949999999997,
    "pct3ResTime" : 24925.0,
    "throughput" : 15.694521827156231,
    "receivedKBytesPerSec" : 182.34239542789152,
    "sentKBytesPerSec" : 3.0346829314227866
  },
  "add to cart" : {
    "transaction" : "add to cart",
    "sampleCount" : 2000,
    "errorCount" : 2000,
    "errorPct" : 100.0,
    "meanResTime" : 784.4815000000012,
    "medianResTime" : 497.0,
    "minResTime" : 17.0,
    "maxResTime" : 3062.0,
    "pct1ResTime" : 2014.8000000000002,
    "pct2ResTime" : 2235.0,
    "pct3ResTime" : 2621.7700000000004,
    "throughput" : 15.020314976005048,
    "receivedKBytesPerSec" : 4.869867746126636,
    "sentKBytesPerSec" : 3.4617132171261633
  },
  "Submit subjourney quiz" : {
    "transaction" : "Submit subjourney quiz",
    "sampleCount" : 2000,
    "errorCount" : 0,
    "errorPct" : 0.0,
    "meanResTime" : 1648.2689999999998,
    "medianResTime" : 573.5,
    "minResTime" : 26.0,
    "maxResTime" : 23977.0,
    "pct1ResTime" : 4619.800000000002,
    "pct2ResTime" : 5823.099999999997,
    "pct3ResTime" : 11839.040000000003,
    "throughput" : 6.499626271489389,
    "receivedKBytesPerSec" : 2.798387432566378,
    "sentKBytesPerSec" : 1.529697198661077
  },
  "Play subjourney video" : {
    "transaction" : "Play subjourney video",
    "sampleCount" : 2000,
    "errorCount" : 0,
    "errorPct" : 0.0,
    "meanResTime" : 8185.599000000002,
    "medianResTime" : 8249.0,
    "minResTime" : 36.0,
    "maxResTime" : 31343.0,
    "pct1ResTime" : 16960.600000000002,
    "pct2ResTime" : 19349.75,
    "pct3ResTime" : 24209.760000000002,
    "throughput" : 10.153882082967371,
    "receivedKBytesPerSec" : 6.960962131096772,
    "sentKBytesPerSec" : 2.00301189527286
  },
  "view data my collection" : {
    "transaction" : "view data my collection",
    "sampleCount" : 2000,
    "errorCount" : 0,
    "errorPct" : 0.0,
    "meanResTime" : 1871.860000000001,
    "medianResTime" : 868.5,
    "minResTime" : 18.0,
    "maxResTime" : 10233.0,
    "pct1ResTime" : 5203.100000000002,
    "pct2ResTime" : 5846.9,
    "pct3ResTime" : 8490.67,
    "throughput" : 12.712860965796047,
    "receivedKBytesPerSec" : 5.462557446240489,
    "sentKBytesPerSec" : 2.3588316245129386
  },
  "Submit score quiz" : {
    "transaction" : "Submit score quiz",
    "sampleCount" : 10000,
    "errorCount" : 0,
    "errorPct" : 0.0,
    "meanResTime" : 9917.608399999988,
    "medianResTime" : 5432.0,
    "minResTime" : 24.0,
    "maxResTime" : 104068.0,
    "pct1ResTime" : 26347.399999999998,
    "pct2ResTime" : 34661.949999999975,
    "pct3ResTime" : 54108.44999999999,
    "throughput" : 32.909134588487724,
    "receivedKBytesPerSec" : 9.384245409998453,
    "sentKBytesPerSec" : 8.452248434347922
  },
  "Play subjourney quiz" : {
    "transaction" : "Play subjourney quiz",
    "sampleCount" : 2000,
    "errorCount" : 0,
    "errorPct" : 0.0,
    "meanResTime" : 7545.1214999999975,
    "medianResTime" : 7236.5,
    "minResTime" : 34.0,
    "maxResTime" : 30403.0,
    "pct1ResTime" : 15262.600000000002,
    "pct2ResTime" : 19002.9,
    "pct3ResTime" : 23683.48,
    "throughput" : 10.210332856851133,
    "receivedKBytesPerSec" : 6.720472993669594,
    "sentKBytesPerSec" : 2.0141476924647743
  },
  "login" : {
    "transaction" : "login",
    "sampleCount" : 2000,
    "errorCount" : 556,
    "errorPct" : 27.8,
    "meanResTime" : 82487.6035000001,
    "medianResTime" : 88172.0,
    "minResTime" : 173.0,
    "maxResTime" : 94015.0,
    "pct1ResTime" : 91093.7,
    "pct2ResTime" : 91529.85,
    "pct3ResTime" : 92456.8,
    "throughput" : 20.70993662759392,
    "receivedKBytesPerSec" : 18.68006958215114,
    "sentKBytesPerSec" : 8.321319277973947
  },
  "reedem-coupon" : {
    "transaction" : "reedem-coupon",
    "sampleCount" : 2000,
    "errorCount" : 0,
    "errorPct" : 0.0,
    "meanResTime" : 3433.8445000000024,
    "medianResTime" : 2258.0,
    "minResTime" : 32.0,
    "maxResTime" : 17616.0,
    "pct1ResTime" : 10066.200000000003,
    "pct2ResTime" : 11052.799999999992,
    "pct3ResTime" : 12056.92,
    "throughput" : 12.689872212986815,
    "receivedKBytesPerSec" : 8.02623883886083,
    "sentKBytesPerSec" : 3.4574944799055873
  },
  "Play subjourney interactive learning" : {
    "transaction" : "Play subjourney interactive learning",
    "sampleCount" : 2000,
    "errorCount" : 0,
    "errorPct" : 0.0,
    "meanResTime" : 2249.6679999999983,
    "medianResTime" : 1051.5,
    "minResTime" : 38.0,
    "maxResTime" : 21545.0,
    "pct1ResTime" : 5636.300000000001,
    "pct2ResTime" : 7296.849999999999,
    "pct3ResTime" : 13416.95,
    "throughput" : 6.497261404318079,
    "receivedKBytesPerSec" : 4.492247142829298,
    "sentKBytesPerSec" : 1.2816863317111837
  },
  "view detail course" : {
    "transaction" : "view detail course",
    "sampleCount" : 2000,
    "errorCount" : 0,
    "errorPct" : 0.0,
    "meanResTime" : 12555.443000000005,
    "medianResTime" : 12217.0,
    "minResTime" : 41.0,
    "maxResTime" : 43401.0,
    "pct1ResTime" : 25962.40000000001,
    "pct2ResTime" : 30371.799999999974,
    "pct3ResTime" : 35139.26,
    "throughput" : 10.180292988832218,
    "receivedKBytesPerSec" : 15.509040100174083,
    "sentKBytesPerSec" : 2.0082218591251055
  },
  "edit profile" : {
    "transaction" : "edit profile",
    "sampleCount" : 2000,
    "errorCount" : 0,
    "errorPct" : 0.0,
    "meanResTime" : 1218.7555000000023,
    "medianResTime" : 531.0,
    "minResTime" : 25.0,
    "maxResTime" : 13533.0,
    "pct1ResTime" : 3527.4000000000005,
    "pct2ResTime" : 4301.999999999996,
    "pct3ResTime" : 5790.96,
    "throughput" : 6.499056012114241,
    "receivedKBytesPerSec" : 2.151542957135476,
    "sentKBytesPerSec" : 3.537285769788813
  },
  "Submit score interactive learning" : {
    "transaction" : "Submit score interactive learning",
    "sampleCount" : 2000,
    "errorCount" : 0,
    "errorPct" : 0.0,
    "meanResTime" : 1004.6105000000005,
    "medianResTime" : 294.0,
    "minResTime" : 21.0,
    "maxResTime" : 13626.0,
    "pct1ResTime" : 3421.100000000001,
    "pct2ResTime" : 3753.0,
    "pct3ResTime" : 7443.18,
    "throughput" : 6.4982113673211455,
    "receivedKBytesPerSec" : 2.822571719946585,
    "sentKBytesPerSec" : 1.71339557536788
  },
  "payment success" : {
    "transaction" : "payment success",
    "sampleCount" : 2000,
    "errorCount" : 2000,
    "errorPct" : 100.0,
    "meanResTime" : 1879.7340000000017,
    "medianResTime" : 1476.5,
    "minResTime" : 79.0,
    "maxResTime" : 5627.0,
    "pct1ResTime" : 4371.0,
    "pct2ResTime" : 4618.95,
    "pct3ResTime" : 5101.91,
    "throughput" : 14.4368891391283,
    "receivedKBytesPerSec" : 5.301045230773673,
    "sentKBytesPerSec" : 13.830652583481312
  },
  "Total" : {
    "transaction" : "Total",
    "sampleCount" : 60000,
    "errorCount" : 8556,
    "errorPct" : 14.26,
    "meanResTime" : 10563.360400000083,
    "medianResTime" : 2988.5,
    "minResTime" : 17.0,
    "maxResTime" : 104068.0,
    "pct1ResTime" : 18906.800000000003,
    "pct2ResTime" : 27202.75000000002,
    "pct3ResTime" : 46806.720000000045,
    "throughput" : 150.1655575271737,