{
  "Submit score (retake quiz)" : {
    "transaction" : "Submit score (retake quiz)",
    "sampleCount" : 5000,
    "errorCount" : 402,
    "errorPct" : 8.04,
    "meanResTime" : 717.4963999999986,
    "medianResTime" : 438.5,
    "minResTime" : 17.0,
    "maxResTime" : 8714.0,
    "pct1ResTime" : 1503.0,
    "pct2ResTime" : 1871.8499999999995,
    "pct3ResTime" : 4395.769999999995,
    "throughput" : 22.257141203755225,
    "receivedKBytesPerSec" : 6.439382189056609,
    "sentKBytesPerSec" : 5.716433727136352
  },
  "view data in market place" : {
    "transaction" : "view data in market place",
    "sampleCount" : 1000,
    "errorCount" : 0,
    "errorPct" : 0.0,
    "meanResTime" : 5669.540000000003,
    "medianResTime" : 5319.5,
    "minResTime" : 43.0,
    "maxResTime" : 19018.0,
    "pct1ResTime" : 9768.6,
    "pct2ResTime" : 13719.149999999983,
    "pct3ResTime" : 16485.9,
    "throughput" : 17.345151162992387,
    "receivedKBytesPerSec" : 201.64259936603472,
    "sentKBytesPerSec" : 3.336908963974121
  },
  "add to cart" : {
    "transaction" : "add to cart",
    "sampleCount" : 1000,
    "errorCount" : 0,
    "errorPct" : 0.0,
    "meanResTime" : 8417.474000000002,
    "medianResTime" : 8572.5,
    "minResTime" : 44.0,
    "maxResTime" : 32027.0,
    "pct1ResTime" : 17789.0,
    "pct2ResTime" : 23914.7,
    "pct3ResTime" : 28777.77,
    "throughput" : 11.285662694113398,
    "receivedKBytesPerSec" : 4.0557850306970025,
    "sentKBytesPerSec" : 2.589971419059227
  },
  "Submit subjourney quiz" : {
    "transaction" : "Submit subjourney quiz",
    "sampleCount" : 1000,
    "errorCount" : 91,
    "errorPct" : 9.1,
    "meanResTime" : 680.1489999999993,
    "medianResTime" : 400.0,
    "minResTime" : 18.0,
    "maxResTime" : 11006.0,
    "pct1ResTime" : 1457.9,
    "pct2ResTime" : 1726.9499999999998,
    "pct3ResTime" : 3120.71,
    "throughput" : 4.452102059987623,
    "receivedKBytesPerSec" : 1.878882719944972,
    "sentKBytesPerSec" : 1.0478091762275559
  },
  "Play subjourney video" : {
    "transaction" : "Play subjourney video",
    "sampleCount" : 1000,
    "errorCount" : 18,
    "errorPct" : 1.8,
    "meanResTime" : 1159.306999999999,
    "medianResTime" : 881.0,
    "minResTime" : 17.0,
    "maxResTime" : 13441.0,
    "pct1ResTime" : 2135.3999999999996,
    "pct2ResTime" : 3443.849999999989,
    "pct3ResTime" : 8111.99,
    "throughput" : 4.574335234732012,
    "receivedKBytesPerSec" : 3.1076979343445665,
    "sentKBytesPerSec" : 0.9023590990389322
  },
  "view data my collection" : {
    "transaction" : "view data my collection",
    "sampleCount" : 1000,
    "errorCount" : 0,
    "errorPct" : 0.0,
    "meanResTime" : 395.014,
    "medianResTime" : 47.0,
    "minResTime" : 18.0,
    "maxResTime" : 8541.0,
    "pct1ResTime" : 999.6999999999999,
    "pct2ResTime" : 1168.9499999999998,
    "pct3ResTime" : 1736.8300000000002,
    "throughput" : 4.641663572224285,
    "receivedKBytesPerSec" : 1.9944648161901226,
    "sentKBytesPerSec" : 0.8612461706275529
  },
  "Submit score quiz" : {
    "transaction" : "Submit score quiz",
    "sampleCount" : 5000,
    "errorCount" : 264,
    "errorPct" : 5.28,
    "meanResTime" : 816.862799999997,
    "medianResTime" : 608.0,
    "minResTime" : 17.0,
    "maxResTime" : 11181.0,
    "pct1ResTime" : 1597.7000000000016,
    "pct2ResTime" : 2112.0,
    "pct3ResTime" : 5830.889999999998,
    "throughput" : 22.402437385187508,
    "receivedKBytesPerSec" : 6.449416696536583,
    "sentKBytesPerSec" : 5.753751008109682
  },
  "Play subjourney quiz" : {
    "transaction" : "Play subjourney quiz",
    "sampleCount" : 1000,
    "errorCount" : 29,
    "errorPct" : 2.9,
    "meanResTime" : 1182.2659999999998,
    "medianResTime" : 965.5,
    "minResTime" : 17.0,
    "maxResTime" : 10032.0,
    "pct1ResTime" : 2211.5999999999995,
    "pct2ResTime" : 3795.8499999999985,
    "pct3ResTime" : 7879.700000000001,
    "throughput" : 4.529170120158883,
    "receivedKBytesPerSec" : 2.939683519991757,
    "sentKBytesPerSec" : 0.8934495744844673
  },
  "login" : {
    "transaction" : "login",
    "sampleCount" : 1000,
    "errorCount" : 5,
    "errorPct" : 0.5,
    "meanResTime" : 42570.19199999998,
    "medianResTime" : 44078.5,
    "minResTime" : 7827.0,
    "maxResTime" : 46325.0,
    "pct1ResTime" : 45136.7,
    "pct2ResTime" : 45346.95,
    "pct3ResTime" : 45652.42,
    "throughput" : 21.479047189466677,
    "receivedKBytesPerSec" : 22.088808812316085,
    "sentKBytesPerSec" : 8.597764735968813
  },
  "reedem-coupon" : {
    "transaction" : "reedem-coupon",
    "sampleCount" : 1000,
    "errorCount" : 0,
    "errorPct" : 0.0,
    "meanResTime" : 344.60000000000014,
    "medianResTime" : 125.5,
    "minResTime" : 38.0,
    "maxResTime" : 8671.0,
    "pct1ResTime" : 888.6999999999999,
    "pct2ResTime" : 1110.4499999999994,
    "pct3ResTime" : 6656.020000000002,
    "throughput" : 4.674448064544778,
    "receivedKBytesPerSec" : 2.947517963027453,
    "sentKBytesPerSec" : 1.269039611272899
  },
  "Play subjourney interactive learning" : {
    "transaction" : "Play subjourney interactive learning",
    "sampleCount" : 1000,
    "errorCount" : 98,
    "errorPct" : 9.8,
    "meanResTime" : 960.449000000001,
    "medianResTime" : 893.5,
    "minResTime" : 17.0,
    "maxResTime" : 9319.0,
    "pct1ResTime" : 1818.5999999999995,
    "pct2ResTime" : 2323.049999999999,
    "pct3ResTime" : 4670.9,
    "throughput" : 4.449883190566248,
    "receivedKBytesPerSec" : 2.9246422711091333,
    "sentKBytesPerSec" : 0.877808988764045
  },
  "view detail course" : {
    "transaction" : "view detail course",
    "sampleCount" : 1000,
    "errorCount" : 13,
    "errorPct" : 1.3,
    "meanResTime" : 1919.0400000000006,
    "medianResTime" : 1380.5,
    "minResTime" : 17.0,
    "maxResTime" : 17804.0,
    "pct1ResTime" : 3982.3999999999996,
    "pct2ResTime" : 6107.999999999998,
    "pct3ResTime" : 10030.080000000002,
    "throughput" : 4.582363399747054,
    "receivedKBytesPerSec" : 6.910611228565995,
    "sentKBytesPerSec" : 0.9039427800282274
  },
  "edit profile" : {
    "transaction" : "edit profile",
    "sampleCount" : 1000,
    "errorCount" : 0,
    "errorPct" : 0.0,
    "meanResTime" : 834.3260000000002,
    "medianResTime" : 654.5,
    "minResTime" : 31.0,
    "maxResTime" : 5026.0,
    "pct1ResTime" : 2046.5,
    "pct2ResTime" : 3119.8999999999887,
    "pct3ResTime" : 3700.9300000000003,
    "throughput" : 4.450774434751646,
    "receivedKBytesPerSec" : 1.4734497396296955,
    "sentKBytesPerSec" : 2.3891574614451665
  },
  "Submit score interactive learning" : {
    "transaction" : "Submit score interactive learning",
    "sampleCount" : 1000,
    "errorCount" : 103,
    "errorPct" : 10.3,
    "meanResTime" : 537.0269999999997,
    "medianResTime" : 215.0,
    "minResTime" : 16.0,
    "maxResTime" : 8212.0,
    "pct1ResTime" : 1232.9,
    "pct2ResTime" : 1478.0,
    "pct3ResTime" : 1912.92,
    "throughput" : 4.45105178353645,
    "receivedKBytesPerSec" : 1.888167463034015,
    "sentKBytesPerSec" : 1.1736171694871498
  },
  "payment success" : {
    "transaction" : "payment success",
    "sampleCount" : 1000,
    "errorCount" : 10,
    "errorPct" : 1.0,
    "meanResTime" : 61192.694999999985,
    "medianResTime" : 60702.5,
    "minResTime" : 169.0,
    "maxResTime" : 150037.0,
    "pct1ResTime" : 117556.5,
    "pct2ResTime" : 127124.79999999999,
    "pct3ResTime" : 139430.63,
    "throughput" : 4.740369938469998,
    "receivedKBytesPerSec" : 0.7690139200963243,
    "sentKBytesPerSec" : 4.555014067047792
  },
  "Total" : {
    "transaction" : "Total",
    "sampleCount" : 30000,
    "errorCount" : 1176,
    "errorPct" : 3.92,
    "meanResTime" : 6784.741566666681,
    "medianResTime" : 782.5,
    "minResTime" : 16.0,
    "maxResTime" : 150037.0,
    "pct1ResTime" : 2129.7000000000044,
    "pct2ResTime" : 18102.100000000028,
    "pct3ResTime" : 104902.97000000032,
    "throughput" : 106.81288163352501,