{
  "view data in market place" : {
    "transaction" : "view data in market place",
    "sampleCount" : 300,
    "errorCount" : 0,
    "errorPct" : 0.0,
    "meanResTime" : 35679.67333333333,
    "medianResTime" : 19704.0,
    "minResTime" : 164.0,
    "maxResTime" : 135929.0,
    "pct1ResTime" : 132930.5,
    "pct2ResTime" : 134668.95,
    "pct3ResTime" : 135856.99,
    "throughput" : 1.8381451889613254,
    "receivedKBytesPerSec" : 23.39229431346809,
    "sentKBytesPerSec" : 0.42415559248014806
  },
  "add to cart" : {
    "transaction" : "add to cart",
    "sampleCount" : 300,
    "errorCount" : 0,
    "errorPct" : 0.0,
    "meanResTime" : 3222.180000000001,
    "medianResTime" : 1371.0,
    "minResTime" : 707.0,
    "maxResTime" : 136062.0,
    "pct1ResTime" : 2483.400000000001,
    "pct2ResTime" : 4404.349999999993,
    "pct3ResTime" : 69899.28,
    "throughput" : 1.8473361412842682,
    "receivedKBytesPerSec" : 0.6638864257740339,
    "sentKBytesPerSec" : 0.4948299122977167
  },
  "payment success" : {
    "transaction" : "payment success",
    "sampleCount" : 300,
    "errorCount" : 31,
    "errorPct" : 10.333333,
    "meanResTime" : 18753.28,
    "medianResTime" : 11127.5,
    "minResTime" : 214.0,
    "maxResTime" : 80518.0,
    "pct1ResTime" : 48875.20000000003,
    "pct2ResTime" : 60167.99999999999,
    "pct3ResTime" : 75920.53,
    "throughput" : 1.8116598427479256,
    "receivedKBytesPerSec" : 0.3175358482191384,
    "sentKBytesPerSec" : 1.7548272714440136
  },
  "Total" : {
    "transaction" : "Total",
    "sampleCount" : 2100,
    "errorCount" : 247,
    "errorPct" : 11.761905,
    "meanResTime" : 15949.023809523802,
    "medianResTime" : 2364.5,
    "minResTime" : 76.0,
    "maxResTime" : 136684.0,
    "pct1ResTime" : 47969.200000000084,
    "pct2ResTime" : 69572.54999999999,
    "pct3ResTime" : 135747.79,
    "throughput" : 10.436545801526716,
    "receivedKBytesPerSec" : 27.071387409860545,
    "sentKBytesPerSec" : 3.9666736398944415
  },
  "get cart" : {
    "transaction" : "get cart",
    "sampleCount" : 300,
    "errorCount" : 0,
    "errorPct" : 0.0,
    "meanResTime" : 1428.123333333333,
    "medianResTime" : 418.0,
    "minResTime" : 77.0,
    "maxResTime" : 134863.0,
    "pct1ResTime" : 821.2000000000013,
    "pct2ResTime" : 1763.3999999999999,
    "pct3ResTime" : 35692.140000000145,
    "throughput" : 1.8477343697070108,
    "receivedKBytesPerSec" : 1.2168822485079547,
    "sentKBytesPerSec" : 0.4029107494256626
  },
  "login" : {
    "transaction" : "login",
    "sampleCount" : 300,
    "errorCount" : 185,
    "errorPct" : 61.666668,
    "meanResTime" : 40461.06,
    "medianResTime" : 21831.5,
    "minResTime" : 826.0,
    "maxResTime" : 136684.0,
    "pct1ResTime" : 134106.1,
    "pct2ResTime" : 135575.05,
    "pct3ResTime" : 136511.31,
    "throughput" : 2.086651689144542,
    "receivedKBytesPerSec" : 1.4305382996223162,
    "sentKBytesPerSec" : 0.9118436937038764
  },
  "market place - searching course" : {
    "transaction" : "market place - searching course",
    "sampleCount" : 300,
    "errorCount" : 0,
    "errorPct" : 0.0,
    "meanResTime" : 8377.696666666667,
    "medianResTime" : 1021.0,
    "minResTime" : 145.0,
    "maxResTime" : 136091.0,
    "pct1ResTime" : 12557.00000000001,
    "pct2ResTime" : 68310.7,
    "pct3ResTime" : 135198.2,
    "throughput" : 1.8348399407958311,
    "receivedKBytesPerSec" : 5.58106705116757,
    "sentKBytesPerSec" : 0.4914826634383677
  },
  "cekout cart" : {
    "transaction" : "cekout cart",
    "sampleCount" : 300,
    "errorCount" : 31,
    "errorPct" : 10.333333,
    "meanResTime" : 3721.1533333333336,
    "medianResTime" : 2572.0,
    "minResTime" : 76.0,
    "maxResTime" : 41331.0,
    "pct1ResTime" : 4860.900000000007,
    "pct2ResTime" : 8462.499999999996,
    "pct3ResTime" : 32241.330000000016,
    "throughput" : 1.8381339264378802,
    "receivedKBytesPerSec" : 0.9388723775955983,
    "sentKBytesPerSec" : 0.496990247167742
  }
}