{
  "Submit score (retake quiz)" : {
    "transaction" : "Submit score (retake quiz)",
    "sampleCount" : 5000,
    "errorCount" : 0,
    "errorPct" : 0.0,
    "meanResTime" : 1304.9591999999982,
    "medianResTime" : 519.0,
    "minResTime" : 328.0,
    "maxResTime" : 145776.0,
    "pct1ResTime" : 1021.0,
    "pct2ResTime" : 1985.9499999999998,
    "pct3ResTime" : 12181.899999999998,
    "throughput" : 3.0611613923876266,
    "receivedKBytesPerSec" : 0.8729093032980341,
    "sentKBytesPerSec" : 0.9057928729428231
  },
  "view data in market place" : {
    "transaction" : "view data in market place",
    "sampleCount" : 1000,
    "errorCount" : 0,
    "errorPct" : 0.0,
    "meanResTime" : 96620.6200000001,
    "medianResTime" : 135068.5,
    "minResTime" : 463.0,
    "maxResTime" : 139183.0,
    "pct1ResTime" : 135259.0,
    "pct2ResTime" : 135626.05,
    "pct3ResTime" : 136366.88,
    "throughput" : 3.036661615686179,
    "receivedKBytesPerSec" : 21.655038941389392,
    "sentKBytesPerSec" : 0.7028210965992426
  },
  "add to cart" : {
    "transaction" : "add to cart",
    "sampleCount" : 1000,
    "errorCount" : 0,
    "errorPct" : 0.0,
    "meanResTime" : 44013.67599999996,
    "medianResTime" : 3764.0,
    "minResTime" : 734.0,
    "maxResTime" : 307401.0,
    "pct1ResTime" : 147939.9,
    "pct2ResTime" : 204707.95,
    "pct3ResTime" : 271201.98,
    "throughput" : 1.4971314960535613,
    "receivedKBytesPerSec" : 0.5380316313942487,
    "sentKBytesPerSec" : 0.4020616810690717
  },
  "Submit subjourney quiz" : {
    "transaction" : "Submit subjourney quiz",
    "sampleCount" : 1000,
    "errorCount" : 7,
    "errorPct" : 0.7,
    "meanResTime" : 2010.5779999999993,
    "medianResTime" : 630.0,
    "minResTime" : 331.0,
    "maxResTime" : 135894.0,
    "pct1ResTime" : 1047.9,
    "pct2ResTime" : 2044.6499999999983,
    "pct3ResTime" : 36765.18000000022,
    "throughput" : 0.6133264804321252,
    "receivedKBytesPerSec" : 0.2634734363318047,
    "sentKBytesPerSec" : 0.16830541113420627
  },
  "Play subjourney video" : {
    "transaction" : "Play subjourney video",
    "sampleCount" : 1000,
    "errorCount" : 0,
    "errorPct" : 0.0,
    "meanResTime" : 2650.883999999998,
    "medianResTime" : 638.5,
    "minResTime" : 290.0,
    "maxResTime" : 137235.0,
    "pct1ResTime" : 1963.8999999999996,
    "pct2ResTime" : 4462.0499999999765,
    "pct3ResTime" : 69156.05,
    "throughput" : 0.6113493335680915,
    "receivedKBytesPerSec" : 0.4425452750032707,
    "sentKBytesPerSec" : 0.1444790417221466
  },
  "view data my collection" : {
    "transaction" : "view data my collection",
    "sampleCount" : 1000,
    "errorCount" : 0,
    "errorPct" : 0.0,
    "meanResTime" : 612.6999999999994,
    "medianResTime" : 625.0,
    "minResTime" : 188.0,
    "maxResTime" : 2099.0,
    "pct1ResTime" : 708.9,
    "pct2ResTime" : 755.0,
    "pct3ResTime" : 1096.7000000000003,
    "throughput" : 0.8775324489561313,
    "receivedKBytesPerSec" : 0.7669839275544311,
    "sentKBytesPerSec" : 0.19710201490225604
  },
  "Submit score quiz" : {
    "transaction" : "Submit score quiz",
    "sampleCount" : 5000,
    "errorCount" : 0,
    "errorPct" : 0.0,
    "meanResTime" : 1654.1946000000007,
    "medianResTime" : 563.0,
    "minResTime" : 329.0,
    "maxResTime" : 143010.0,
    "pct1ResTime" : 1058.0,
    "pct2ResTime" : 2166.349999999994,
    "pct3ResTime" : 20226.689999999995,
    "throughput" : 3.0584481678672093,
    "receivedKBytesPerSec" : 0.8721356103683839,
    "sentKBytesPerSec" : 0.904990034046645
  },
  "Play subjourney quiz" : {
    "transaction" : "Play subjourney quiz",
    "sampleCount" : 1000,
    "errorCount" : 0,
    "errorPct" : 0.0,
    "meanResTime" : 3515.3329999999996,
    "medianResTime" : 1098.5,
    "minResTime" : 395.0,
    "maxResTime" : 138014.0,
    "pct1ResTime" : 3815.8999999999937,
    "pct2ResTime" : 8382.5,
    "pct3ResTime" : 133143.0100000006,
    "throughput" : 0.6115527201253438,
    "receivedKBytesPerSec" : 1.006311792624613,
    "sentKBytesPerSec" : 0.14452710768587226
  },
  "login" : {
    "transaction" : "login",
    "sampleCount" : 1000,
    "errorCount" : 789,
    "errorPct" : 78.9,
    "meanResTime" : 84722.38600000007,
    "medianResTime" : 132846.0,
    "minResTime" : 694.0,
    "maxResTime" : 151171.0,
    "pct1ResTime" : 135401.7,
    "pct2ResTime" : 136356.85,
    "pct3ResTime" : 141309.27000000002,
    "throughput" : 3.7349807088246387,
    "receivedKBytesPerSec" : 2.1037716535506594,
    "sentKBytesPerSec" : 1.6409586680031674
  },
  "reedem-coupon" : {
    "transaction" : "reedem-coupon",
    "sampleCount" : 1000,
    "errorCount" : 0,
    "errorPct" : 0.0,
    "meanResTime" : 912.7660000000001,
    "medianResTime" : 719.5,
    "minResTime" : 597.0,
    "maxResTime" : 3397.0,
    "pct1ResTime" : 1373.6999999999998,
    "pct2ResTime" : 1508.5999999999995,
    "pct3ResTime" : 2562.5700000000015,
    "throughput" : 0.8771937519243438,
    "receivedKBytesPerSec" : 0.5539221553045222,
    "sentKBytesPerSec" : 0.26641333676608486
  },
  "Play subjourney interactive learning" : {
    "transaction" : "Play subjourney interactive learning",
    "sampleCount" : 1000,
    "errorCount" : 0,
    "errorPct" : 0.0,
    "meanResTime" : 1931.0300000000032,
    "medianResTime" : 865.0,
    "minResTime" : 293.0,
    "maxResTime" : 137149.0,
    "pct1ResTime" : 2030.6999999999998,
    "pct2ResTime" : 4077.8499999999985,
    "pct3ResTime" : 20458.260000000002,
    "throughput" : 0.6134506414546632,
    "receivedKBytesPerSec" : 0.4288247631467073,
    "sentKBytesPerSec" : 0.14497563987502782
  },
  "view detail course" : {
    "transaction" : "view detail course",
    "sampleCount" : 1000,
    "errorCount" : 0,
    "errorPct" : 0.0,
    "meanResTime" : 8207.665999999997,
    "medianResTime" : 1513.0,
    "minResTime" : 628.0,
    "maxResTime" : 1004107.0,
    "pct1ResTime" : 6975.899999999997,
    "pct2ResTime" : 21489.749999999996,
    "pct3ResTime" : 144427.14,
    "throughput" : 0.6097940237746494,
    "receivedKBytesPerSec" : 0.9656767238724604,
    "sentKBytesPerSec" : 0.1441114782748683
  },
  "edit profile" : {
    "transaction" : "edit profile",
    "sampleCount" : 1000,
    "errorCount" : 0,
    "errorPct" : 0.0,
    "meanResTime" : 880.946,
    "medianResTime" : 873.0,
    "minResTime" : 457.0,
    "maxResTime" : 2141.0,
    "pct1ResTime" : 1184.8,
    "pct2ResTime" : 1342.9499999999998,
    "pct3ResTime" : 1499.93,
    "throughput" : 0.6135033310163357,
    "receivedKBytesPerSec" : 0.20310315352982208,
    "sentKBytesPerSec" : 0.344967411086496
  },
  "Submit score interactive learning" : {
    "transaction" : "Submit score interactive learning",
    "sampleCount" : 1000,
    "errorCount" : 0,
    "errorPct" : 0.0,
    "meanResTime" : 754.724000000001,
    "medianResTime" : 271.0,
    "minResTime" : 175.0,
    "maxResTime" : 135013.0,
    "pct1ResTime" : 567.0,
    "pct2ResTime" : 1563.0,
    "pct3ResTime" : 5699.52,
    "throughput" : 0.6136211625666547,
    "receivedKBytesPerSec" : 0.26640566514232944,
    "sentKBytesPerSec" : 0.18576421913638957
  },
  "payment success" : {
    "transaction" : "payment success",
    "sampleCount" : 1000,
    "errorCount" : 146,
    "errorPct" : 14.6,
    "meanResTime" : 62863.035999999986,
    "medianResTime" : 33233.5,
    "minResTime" : 210.0,
    "maxResTime" : 305054.0,
    "pct1ResTime" : 162268.0,
    "pct2ResTime" : 226524.64999999982,
    "pct3ResTime" : 300327.99,
    "throughput" : 0.8754459302707316,
    "receivedKBytesPerSec" : 0.16412217395110634,
    "sentKBytesPerSec" : 0.848487496169924
  },
  "Total" : {
    "transaction" : "Total",
    "sampleCount" : 31000,
    "errorCount" : 1073,
    "errorPct" : 3.4612904,
    "meanResTime" : 15713.428129032258,
    "medianResTime" : 654.0,
    "minResTime" : 23.0,
    "maxResTime" : 1004107.0,
    "pct1ResTime" : 15602.800000000032,
    "pct2ResTime" : 135120.0,
    "pct3ResTime" : 156052.82000000004,
    "throughput" : 17.863903562581,